
{
  "EXPS": [
  {
    "file": "https://kf.163.cn/service/ui/image/emotion/100.gif",
    "code": "/::)",
    "title": "微笑",
    "reg": /\/::\)/g
  },
  {
    "file": "https://kf.163.cn/service/ui/image/emotion/101.gif",
    "code": "/::~",
    "title": "伤心",
    "reg": /\/::~/g
  },
  {
    "file": "https://kf.163.cn/service/ui/image/emotion/102.gif",
    "code": "/::B",
    "title": "美女",
    "reg": /\/::B/g
  },
  {
    "file": "https://kf.163.cn/service/ui/image/emotion/103.gif",
    "code": "/::|",
    "title": "发呆",
    "reg": /\/::\|/g
  },
  {
    "file": "https://kf.163.cn/service/ui/image/emotion/104.gif",
    "code": "/:8-)",
    "title": "墨镜",
    "reg": /\/:8-\)/g
  },
  {
    "file": "https://kf.163.cn/service/ui/image/emotion/105.gif",
    "code": "/::<",
    "title": "哭",
    "reg": /\/::</g
  },
  {
    "file": "https://kf.163.cn/service/ui/image/emotion/106.gif",
    "code": "/::$",
    "title": "羞",
    "reg": /\/::\$/g
  },
  {
    "file": "https://kf.163.cn/service/ui/image/emotion/107.gif",
    "code": "/::X",
    "title": "哑",
    "reg": /\/::X/g
  },
  {
    "file": "https://kf.163.cn/service/ui/image/emotion/108.gif",
    "code": "/::Z",
    "title": "睡",
    "reg": /\/::Z/g
  },
  {
    "file": "https://kf.163.cn/service/ui/image/emotion/109.gif",
    "code": "/::\"(",
    "title": "哭",
    "reg": /\/::"\(/g
  },
  {
    "file": "https://kf.163.cn/service/ui/image/emotion/110.gif",
    "code": "/::-|",
    "title": "囧",
    "reg": /\/::-\|/g
  },
  {
    "file": "https://kf.163.cn/service/ui/image/emotion/111.gif",
    "code": "/::@",
    "title": "怒",
    "reg": /\/::@/g
  },
  {
    "file": "https://kf.163.cn/service/ui/image/emotion/112.gif",
    "code": "/::P",
    "title": "调皮",
    "reg": /\/::P/g
  },
  {
    "file": "https://kf.163.cn/service/ui/image/emotion/113.gif",
    "code": "/::D",
    "title": "笑",
    "reg": /\/::D/g
  },
  {
    "file": "https://kf.163.cn/service/ui/image/emotion/114.gif",
    "code": "/::O",
    "title": "惊讶",
    "reg": /\/::O/g
  },
  {
    "file": "https://kf.163.cn/service/ui/image/emotion/115.gif",
    "code": "/::(",
    "title": "难过",
    "reg": /\/::\(/g
  },
  {
    "file": "https://kf.163.cn/service/ui/image/emotion/116.gif",
    "code": "/::+",
    "title": "酷",
    "reg": /\/::\+/g
  },
  {
    "file": "https://kf.163.cn/service/ui/image/emotion/117.gif",
    "code": "/:--b",
    "title": "汗",
    "reg": /\/:--b/g
  },
  {
    "file": "https://kf.163.cn/service/ui/image/emotion/118.gif",
    "code": "/::Q",
    "title": "抓狂",
    "reg": /\/::Q/g
  },
  {
    "file": "https://kf.163.cn/service/ui/image/emotion/119.gif",
    "code": "/::T",
    "title": "吐",
    "reg": /\/::T/g
  },
  {
    "file": "https://kf.163.cn/service/ui/image/emotion/120.gif",
    "code": "/:,@P",
    "title": "笑",
    "reg": /\/:,@P/g
  },
  {
    "file": "https://kf.163.cn/service/ui/image/emotion/121.gif",
    "code": "/:,@-D",
    "title": "快乐",
    "reg": /\/:,@-D/g
  },
  {
    "file": "https://kf.163.cn/service/ui/image/emotion/122.gif",
    "code": "/::d",
    "title": "奇",
    "reg": /\/::d/g
  },
  {
    "file": "https://kf.163.cn/service/ui/image/emotion/123.gif",
    "code": "/:,@o",
    "title": "傲",
    "reg": /\/:,@o/g
  },
  {
    "file": "https://kf.163.cn/service/ui/image/emotion/124.gif",
    "code": "/::g",
    "title": "饿",
    "reg": /\/::g/g
  },
  {
    "file": "https://kf.163.cn/service/ui/image/emotion/125.gif",
    "code": "/:|-)",
    "title": "累",
    "reg": /\/:\|-\)/g
  },
  {
    "file": "https://kf.163.cn/service/ui/image/emotion/126.gif",
    "code": "/::!",
    "title": "吓",
    "reg": /\/::!/g
  }]
}
